{"packages/cupertino_icons/assets/CupertinoIcons.ttf":["packages/cupertino_icons/assets/CupertinoIcons.ttf"],"fonts/Montserrat-Bold.ttf":["fonts/Montserrat-Bold.ttf"],"fonts/Montserrat-Regular.ttf":["fonts/Montserrat-Regular.ttf"],"fonts/Montserrat-SemiBold.ttf":["fonts/Montserrat-SemiBold.ttf"],"assets/Teddy.flr":["assets/Teddy.flr"],"images/appshare.png":["images/appshare.png"],"images/cancel.png":["images/cancel.png"],"images/social/chat.png":["images/social/chat.png"],"images/profile/domain24.png":["images/profile/domain24.png"],"images/earn.png":["images/earn.png"],"images/social/facebook.png":["images/social/facebook.png"],"images/social/facebook24.png":["images/social/facebook24.png"],"images/friend.png":["images/friend.png"],"images/profile/gmail24.png":["images/profile/gmail24.png"],"images/profile/google24.png":["images/profile/google24.png"],"images/social/googleplus24.png":["images/social/googleplus24.png"],"images/profile/gst.png":["images/profile/gst.png"],"images/idcard.png":["images/idcard.png"],"images/social/instagram24.png":["images/social/instagram24.png"],"images/introappshare.png":["images/introappshare.png"],"images/social/linkedin24.png":["images/social/linkedin24.png"],"images/logo.png":["images/logo.png"],"images/social/mail.png":["images/social/mail.png"],"images/profile/mapRoute24.png":["images/profile/mapRoute24.png"],"images/header/moreheader.jpg":["images/header/moreheader.jpg"],"images/profile/negotiation24.png":["images/profile/negotiation24.png"],"images/nooffer.jpg":["images/nooffer.jpg"],"images/header/offerheader.jpg":["images/header/offerheader.jpg"],"images/offers_big.png":["images/offers_big.png"],"images/offers_small.png":["images/offers_small.png"],"images/profile/office24.png":["images/profile/office24.png"],"images/profile/pan.png":["images/profile/pan.png"],"images/profile/placeholder24.png":["images/profile/placeholder24.png"],"images/profile_big.png":["images/profile_big.png"],"images/profile_small.png":["images/profile_small.png"],"images/profilebg.jpg":["images/profilebg.jpg"],"images/refer.png":["images/refer.png"],"images/header/referheader.jpg":["images/header/referheader.jpg"],"images/profile/role24.png":["images/profile/role24.png"],"images/savetophone.png":["images/savetophone.png"],"images/service_big.png":["images/service_big.png"],"images/service_small.png":["images/service_small.png"],"images/header/servicehearde.jpg":["images/header/servicehearde.jpg"],"images/social/share.png":["images/social/share.png"],"images/profile/telephone24.png":["images/profile/telephone24.png"],"images/profile/telephoneold24.png":["images/profile/telephoneold24.png"],"images/social/twitter24.png":["images/social/twitter24.png"],"images/user.png":["images/user.png"],"images/profile/user24.png":["images/profile/user24.png"],"images/users.png":["images/users.png"],"images/wallet.png":["images/wallet.png"],"images/social/whatsapp.png":["images/social/whatsapp.png"],"images/social/whatsapp24.png":["images/social/whatsapp24.png"],"images/social/youtube24.png":["images/social/youtube24.png"]}